{
  "feature_names": [
    "observed_pixel_count_log",
    "inferred_span_pixel_count_log",
    "validation_score",
    "overpromotion_risk",
    "upstream_axis_distance_px",
    "axis_distance_term",
    "gap_score",
    "support_density",
    "aspect_ratio_log",
    "slenderness_score",
    "blocking_score",
    "ambiguous_score",
    "collective_member_score",
    "orientation_horizontal",
    "orientation_vertical",
    "near_upstream_score"
  ],
  "mean": {
    "observed_pixel_count_log": 4.2583109089018,
    "inferred_span_pixel_count_log": 3.108654671720138,
    "validation_score": 0.5132609525717295,
    "overpromotion_risk": 0.5108036525620016,
    "upstream_axis_distance_px": 4.9280621767685435,
    "axis_distance_term": 0.44518298069949214,
    "gap_score": 0.6817331362175604,
    "support_density": 0.34920104056737117,
    "aspect_ratio_log": 1.4971377680893776,
    "slenderness_score": 0.48558866438276604,
    "blocking_score": 0.4815418129545269,
    "ambiguous_score": 0.24647822399829042,
    "collective_member_score": 0.4665993106875471,
    "orientation_horizontal": 0.48324022346368717,
    "orientation_vertical": 0.5167597765363129,
    "near_upstream_score": 0.3668429752255906
  },
  "std": {
    "observed_pixel_count_log": 1.141791563225023,
    "inferred_span_pixel_count_log": 1.4822654072946968,
    "validation_score": 0.2981209072521369,
    "overpromotion_risk": 0.33148904242872945,
    "upstream_axis_distance_px": 3.6047301638087923,
    "axis_distance_term": 0.3636413387879862,
    "gap_score": 0.31066464727505716,
    "support_density": 0.30070749017550447,
    "aspect_ratio_log": 1.561612872987109,
    "slenderness_score": 0.43708161992294514,
    "blocking_score": 0.35309098414922485,
    "ambiguous_score": 0.21679076689760318,
    "collective_member_score": 0.3160717682600743,
    "orientation_horizontal": 0.499719030946844,
    "orientation_vertical": 0.49971903094684406,
    "near_upstream_score": 0.3675661709118219
  }
}