{
  "feature_names": [
    "component_pixel_count_log",
    "family_distance",
    "distance_term",
    "anchor_score",
    "family_strength_score",
    "component_colinearity_score",
    "component_run_score",
    "microstructure_score",
    "mixed_contact_score",
    "conflict_contact_score",
    "bbox_width_log",
    "bbox_height_log",
    "major_length_log",
    "minor_length_log",
    "bbox_area_log",
    "fill_ratio",
    "aspect_ratio_log",
    "slenderness_score",
    "orientation_horizontal",
    "orientation_vertical",
    "g1_0_association_score",
    "compact_symbol_risk"
  ],
  "mean": {
    "component_pixel_count_log": 2.9197149616975264,
    "family_distance": 2.257558270856138,
    "distance_term": 0.681032331295151,
    "anchor_score": 0.9872665534804754,
    "family_strength_score": 0.7746857369345319,
    "component_colinearity_score": 0.7788348254011311,
    "component_run_score": 0.950024732029072,
    "microstructure_score": 0.6663964980232311,
    "mixed_contact_score": 0.27461834768852206,
    "conflict_contact_score": 0.2030581688127862,
    "bbox_width_log": 1.9840430233777813,
    "bbox_height_log": 1.9266067985032156,
    "major_length_log": 2.672953513486167,
    "minor_length_log": 1.237696308394808,
    "bbox_area_log": 3.386500941139283,
    "fill_ratio": 0.7717776977503602,
    "aspect_ratio_log": 1.8152286118322485,
    "slenderness_score": 0.6328579070511371,
    "orientation_horizontal": 0.6256366723259762,
    "orientation_vertical": 0.37436332767402375,
    "g1_0_association_score": 0.7958724195680885,
    "compact_symbol_risk": 0.08517104175542022
  },
  "std": {
    "component_pixel_count_log": 0.8439498424472766,
    "family_distance": 3.534798804981994,
    "distance_term": 0.3722993622465987,
    "anchor_score": 0.08889530622460623,
    "family_strength_score": 0.11085711088361157,
    "component_colinearity_score": 0.2801442766231705,
    "component_run_score": 0.1304321687426604,
    "microstructure_score": 0.21098517846242204,
    "mixed_contact_score": 0.1808278705545028,
    "conflict_contact_score": 0.18948565131305645,
    "bbox_width_log": 1.0609708115161134,
    "bbox_height_log": 1.100886744778281,
    "major_length_log": 0.8333495383333587,
    "minor_length_log": 0.7840963411838062,
    "bbox_area_log": 1.30712860349401,
    "fill_ratio": 0.36372461016537366,
    "aspect_ratio_log": 1.4208276120230963,
    "slenderness_score": 0.38151124037256473,
    "orientation_horizontal": 0.4839580834812586,
    "orientation_vertical": 0.4839580834812586,
    "g1_0_association_score": 0.1435436258829172,
    "compact_symbol_risk": 0.15922587359117552
  }
}