{
  "feature_names": [
    "span_px",
    "pixel_count_log",
    "density",
    "longest_run",
    "lineality_score",
    "edge_distance_px",
    "same_axis_extension_score",
    "near_line_study_contact_score",
    "parallel_context_count",
    "parallel_context_score",
    "local_observed_context_score",
    "grid_role_score",
    "axis_role_score",
    "tick_role_score",
    "border_role_score",
    "text_role_score",
    "curve_role_score",
    "orientation_horizontal",
    "orientation_vertical"
  ],
  "mean": {
    "span_px": 67.47863247863248,
    "pixel_count_log": 4.0306987824228635,
    "density": 0.5807295155582197,
    "longest_run": 22.655982905982906,
    "lineality_score": 0.6470998223732021,
    "edge_distance_px": 44.6559829059829,
    "same_axis_extension_score": 0.3634669741018567,
    "near_line_study_contact_score": 0.3986045121227457,
    "parallel_context_count": 1.185897435897436,
    "parallel_context_score": 0.23034188034188036,
    "local_observed_context_score": 0.35192042911296884,
    "grid_role_score": 0.38850083243396033,
    "axis_role_score": 0.4961729277678097,
    "tick_role_score": 0.4562710064288741,
    "border_role_score": 0.17538461538461536,
    "text_role_score": 0.47617728679492405,
    "curve_role_score": 0.5838209316962932,
    "orientation_horizontal": 0.5683760683760684,
    "orientation_vertical": 0.43162393162393164
  },
  "std": {
    "span_px": 54.16678079524045,
    "pixel_count_log": 1.1347852983576974,
    "density": 0.3689673719557623,
    "longest_run": 17.616742064211895,
    "lineality_score": 0.28582395312949727,
    "edge_distance_px": 25.66814902678505,
    "same_axis_extension_score": 0.24671643498034426,
    "near_line_study_contact_score": 0.22708992733838765,
    "parallel_context_count": 1.4521034868387142,
    "parallel_context_score": 0.26925484901134544,
    "local_observed_context_score": 0.2529524084062838,
    "grid_role_score": 0.207343655436249,
    "axis_role_score": 0.18250662897165668,
    "tick_role_score": 0.16792956718992344,
    "border_role_score": 0.3722822623228733,
    "text_role_score": 0.22331503994049498,
    "curve_role_score": 0.1322934957378244,
    "orientation_horizontal": 0.49530264815911407,
    "orientation_vertical": 0.49530264815911407
  }
}